idx,dataset_index,miou_no_bg,adj_f1,compact_gt,compact_pred,num_inst_gt,num_inst_pred,boundary_violation_rate,expected_room_count,gt_room_count_combined,target_count_matches_gt,predicted_room_count,room_count_error
0,1344,0.3561655469576239,0.4444444444444445,0.5901203466176943,0.5446023017322612,5,10,0.11713770294648226,3,3,1,1,2
1,1632,0.3446903086203345,0.0,0.7591666012365347,0.5720708609326561,9,10,0.10147885084278596,9,9,1,2,7
2,791,0.22468227816915626,0.0,0.7171112740377283,0.6330719845930936,10,19,0.12508921644685803,8,8,1,4,4
3,2703,0.33861791319479667,0.0,0.7652248427064325,0.42575054701935133,7,8,0.132194781915953,6,6,1,5,1
4,96,0.5251122800434974,0.7272727272727273,0.7340459651951795,0.5274233687214738,10,16,0.08461186750660435,8,8,1,7,1
5,913,0.17342231169433128,0.5,0.8247186889395197,0.5830435342097497,16,15,0.20024462694391054,14,14,1,7,7
6,932,0.34993785868797966,0.0,0.5958380661497488,0.4828321238280657,8,8,0.1290145818746385,8,8,1,2,6
7,1250,0.3760427846325768,0.5454545454545454,0.7266497536869435,0.5704638748008023,9,8,0.12698707472886644,6,6,1,3,3
8,1432,0.2034144213188947,0.25,0.7103098496045486,0.601558587813534,4,12,0.19505265735978447,3,3,1,3,0
9,1885,0.4938575943225567,0.3636363636363636,0.6944290460978301,0.5729150198963744,11,15,0.125406854298296,9,9,1,6,3
10,817,0.10215725290634947,0.0,0.7065202762635727,0.6154781639918079,6,5,0.19212830373946485,5,5,1,3,2
11,911,0.2720119168414668,0.33333333333333337,0.7736930681264046,0.4535925383802909,7,13,0.09627304825421734,6,6,1,3,3
12,1927,0.30984395662598496,0.22222222222222224,0.5333184192107417,0.6257559050248224,7,8,0.11152551992540641,4,4,1,2,2
13,158,0.16326641137387288,0.4,0.8184087273732702,0.5337272912828945,9,5,0.2553546592489569,8,8,1,1,7
14,1566,0.42229352208128373,0.0,0.7036598507353241,0.47857313460480533,4,10,0.07506769009116426,4,4,1,1,3
15,442,0.41124733082959336,0.0,0.7591222985688244,0.5772953681712258,5,13,0.11287283124309572,4,4,1,5,1
16,3731,0.039018779501943386,0.0,0.8579546383267873,0.4700258501032633,5,5,0.21522118742724097,5,5,1,1,4
17,652,0.25383829476463704,0.19999999999999998,0.7314547011011661,0.4206557932147153,5,11,0.07109441918692759,4,4,1,1,3
18,3570,0.19285725120641892,0.0,0.7932939242004262,0.4998106683320966,9,6,0.1210387902695595,9,9,1,2,7
19,1016,0.2669990996650711,0.25,0.6819993147049709,0.6188167522117666,12,11,0.11220563336924734,10,10,1,4,6
20,3010,0.32439508425252334,0.18181818181818182,0.7768676849944292,0.5273551465941305,20,11,0.10426599358075472,17,17,1,3,14
21,3340,0.4269030332601556,0.7999999999999999,0.7636136817392133,0.5202458351697293,14,11,0.10875244109665475,11,11,1,2,9
22,1686,0.15129709199762426,0.0,0.7980654969765254,0.6325410066677333,7,9,0.19880205362236167,7,7,1,4,3
23,3204,0.5524092872086465,0.5,0.7262853602178316,0.5869406955801713,10,8,0.09953026439404107,7,7,1,3,4
24,1360,0.24971612897606374,0.15384615384615383,0.7227735088219396,0.49830501121545595,8,11,0.07090738170911859,5,5,1,1,4
25,3752,0.1546402718983718,0.0,0.7565708511204827,0.47622245829517723,4,14,0.08548287492280651,4,4,1,1,3
26,734,0.11900465855577548,0.33333333333333337,0.5734341788346611,0.5231461204184178,6,11,0.1566612791503117,6,6,1,2,4
27,101,0.07946493300141753,0.0,0.7492463090704894,0.564753846419799,3,12,0.13299644805741698,3,3,1,3,0
28,1688,0.35408931238735536,0.5714285714285715,0.7241112689776317,0.6536557137816472,7,6,0.2035133246831021,6,6,1,2,4
29,725,0.38247923971237,0.18181818181818182,0.7461948818472008,0.5692316756658002,7,11,0.07405502070012983,4,4,1,3,1
30,665,0.39758762381003804,0.3076923076923077,0.7511056083681825,0.42704102753887097,13,13,0.08954070825130211,11,11,1,1,10
31,969,0.1663545187936589,0.0,0.678703552308301,0.6776713833901121,6,6,0.18814589665653494,6,6,1,1,5
32,633,0.180956558620738,0.3076923076923077,0.7987215785822849,0.5195792915857799,10,8,0.19178400123781525,7,7,1,2,5
33,3069,0.19301674674682628,0.0,0.7739107122708397,0.6004175041850462,5,7,0.15227546714888487,3,3,1,1,2
34,2542,0.3707123543498438,0.0,0.6695331898539255,0.5176865476361127,5,9,0.13525775907417148,5,5,1,1,4
35,3407,0.21452427651039935,0.0,0.7185998116756721,0.43654097301279915,5,10,0.13479798920126607,4,4,1,1,3
36,2293,0.31006252041404236,0.0,0.7528598146157635,0.5435194786834081,4,8,0.11640342472104596,4,4,1,4,0
37,3195,0.26282465705294356,0.33333333333333337,0.7237586106698821,0.582721250763111,4,12,0.0915517390927227,3,3,1,2,1
38,1448,0.29169114567912185,0.13333333333333333,0.7136470564933666,0.48624129448914755,16,17,0.10685897900509772,13,13,1,1,12
39,421,0.4724001877950344,0.4444444444444445,0.6706166676421457,0.6220068821586193,10,12,0.10018980477223427,8,8,1,3,5
40,2731,0.45203040024445995,0.3333333333333333,0.7815134949469389,0.5866212415193872,5,13,0.09791427278108569,3,3,1,6,3
41,1022,0.5570826880737877,1.0,0.8007729495667639,0.6808702764968735,5,6,0.09884778653729533,5,5,1,8,3
42,2793,0.18300920646384328,0.25,0.7343846876338003,0.611118566680904,11,16,0.11360602734850057,9,9,1,6,3
43,860,0.3269136198396896,0.0,0.7146665607215484,0.5199953428308438,4,10,0.14565839926224336,3,3,1,1,2
44,1465,0.2868890642747991,0.2857142857142857,0.7024358338572361,0.5082936301865081,6,6,0.1307829181494662,5,5,1,2,3
45,163,0.2866836713677455,0.18181818181818182,0.7512277355045529,0.5352588079981173,13,13,0.13848812744214006,12,12,1,4,8
46,1493,0.22879513212733796,0.0,0.7371633347730111,0.44269383677611823,5,5,0.14421405249544164,4,4,1,3,1
47,1262,0.15534003056113238,0.3636363636363636,0.6952891382504462,0.5498961957858626,11,13,0.18460794324716504,11,11,1,3,8
48,171,0.33232970075689044,0.25,0.705721280167366,0.5308727060767477,5,7,0.1643880326382593,4,4,1,1,3
49,522,0.21190627627632758,0.0,0.6637740488055341,0.5487299758638244,3,7,0.12453174526942656,3,3,1,1,2
50,1760,0.5290366742704088,0.1818181818181818,0.6969441264702014,0.5004396449590514,10,9,0.10347572300344919,8,8,1,1,7
51,606,0.38680689292391407,1.0,0.7426834198363609,0.6283665477439293,5,5,0.1307421816549454,4,4,1,4,0
52,2263,0.3081580425270877,0.0,0.7318429373661993,0.6357572011853189,4,7,0.15999704666272888,4,4,1,1,3
53,2385,0.23245126848906358,0.0,0.6327448189565075,0.5946091612406573,7,14,0.22919134609389613,7,7,1,3,4
54,1512,0.23003144284062524,0.0,0.7252250947323154,0.5836540775983938,7,13,0.15853423336547734,7,7,1,5,2
55,147,0.1811016193312394,0.0,0.6777064557876827,0.6093779007464195,4,4,0.27387120651369357,4,4,1,3,1
56,2234,0.3131996374117328,0.0,0.7628541713860865,0.46559205847340335,6,4,0.24126068138941295,5,5,1,2,3
57,610,0.2660116891544756,0.22222222222222224,0.7850834633219702,0.5322360517388479,10,12,0.15849673202614378,8,8,1,5,3
58,2830,0.257759978443474,0.0,0.6615732673532836,0.5781927518461961,6,9,0.15536777415018244,6,6,1,5,1
59,3420,0.39603776651523687,0.0,0.7900608969250486,0.5148504502602879,4,3,0.1696923076923077,4,4,1,1,3
60,3533,0.5392116936621661,0.0,0.7305693080893267,0.6215578315201101,10,11,0.09497224942866471,9,9,1,6,3
61,39,0.14029365137799601,0.36363636363636365,0.7024672672923606,0.46384728162129896,8,9,0.1642923616579569,6,6,1,2,4
62,2297,0.3437393517087245,0.4,0.6463532767564285,0.5200947459297647,7,13,0.14413052745804752,5,5,1,4,1
63,1751,0.1180442775365427,0.18181818181818182,0.7126878653315644,0.5548557403673376,7,12,0.1254833221632211,7,7,1,1,6
64,2890,0.20971062718618436,0.0,0.6183390210939519,0.5549671227162704,8,17,0.06045576700386725,8,8,1,2,6
65,2259,0.3663555536482408,0.0,0.7049067292776777,0.5138682867593611,5,9,0.11747612000538141,5,5,1,3,2
66,1809,0.44422011488444596,0.25,0.6725402180224196,0.5879940915124384,10,15,0.07988015560441684,9,9,1,7,2
67,3036,0.30984728015268864,0.3636363636363636,0.7722391098074207,0.48918693102053357,13,14,0.12717382345668837,11,11,1,2,9
68,3542,0.4867542404399756,0.26666666666666666,0.7605741014255336,0.539593141947222,11,16,0.08343570103812896,8,8,1,1,7
69,1072,0.4612352177556405,0.4,0.7118582915370912,0.5228104135138169,11,7,0.08973334664935584,9,9,1,2,7
70,2609,0.2057799843834626,0.5,0.7752435463889858,0.5988488574789391,4,9,0.13852191366346125,3,3,1,2,1
71,535,0.43268419586796963,0.0,0.778450537499282,0.5591304949900259,5,5,0.14869447270261105,5,5,1,3,2
72,3158,0.2518758723772379,0.1818181818181818,0.6871170798256705,0.513808532188225,14,15,0.11939696871976782,11,11,1,2,9
73,1366,0.3289838158092885,0.0,0.7802114744960889,0.6742465611594799,8,15,0.13292174947932164,8,8,1,6,2
74,14,0.3532598164535913,0.16666666666666666,0.7733060845929507,0.5936954319285109,11,17,0.06692049561177078,7,7,1,4,3
75,180,0.4248513295367598,0.0,0.739588073351527,0.6402848748033333,8,11,0.11986429372358472,8,8,1,6,2
76,1133,0.3526892962520806,0.0,0.6510796900108358,0.521929896669139,4,5,0.13979336839356982,4,4,1,3,1
77,3446,0.28382883254922836,0.0,0.7313044673405317,0.6267005827758745,7,10,0.2262786145859927,7,7,1,2,5
78,2598,0.30557096021576086,0.25,0.6940112101924669,0.5637168074964023,10,10,0.15179136599569565,8,8,1,3,5
79,378,0.08445605764649497,0.0,0.7461746127118255,0.5765768654555284,3,12,0.06834415584415585,3,3,1,5,2
80,208,0.15337470112167928,0.4,0.6928788220609462,0.6385756555161349,7,14,0.2219421306444542,7,7,1,2,5
81,1028,0.18815556207167178,0.0,0.6844387910194979,0.5486062133684861,8,9,0.15732996686129083,7,7,1,4,3
82,3535,0.1516601843002934,0.0,0.22802720704967153,0.6707363534294278,3,3,0.28256965764930775,3,3,1,1,2
83,2070,0.3685807282757321,0.0,0.7219079111355073,0.6156719890751676,10,10,0.12190701888896634,8,8,1,6,2
84,1081,0.5153838146532191,0.0,0.784600262394067,0.4921989651789033,9,7,0.11747531904647243,9,9,1,3,6
85,2597,0.12937620415056697,0.0,0.576193432599855,0.40947381317098985,3,3,0.23668323863636365,3,3,1,1,2
86,2815,0.19855685157774944,0.3076923076923077,0.5880688355704303,0.494652408293169,19,17,0.08234477536597679,16,16,1,2,14
87,833,0.14472859655181486,0.22222222222222224,0.5205263218012268,0.617173923294031,7,12,0.14715031370274687,6,6,1,1,5
88,1404,0.5137088939806633,0.26666666666666666,0.6656676555790516,0.5314335710776338,9,9,0.08503721707428225,6,6,1,1,5
89,2939,0.22063095482508607,0.2222222222222222,0.6241627181617687,0.6364595105472144,8,8,0.14740834386852086,5,5,1,1,4
90,862,0.21404242212883626,0.0,0.7950158462117898,0.6108467682739219,7,9,0.29444566732702326,7,7,1,5,2
91,2477,0.25549994815163707,0.19999999999999998,0.7001646554771958,0.5341327340550169,7,15,0.07051921813003578,6,6,1,1,5
92,1154,0.16900268563667667,0.0,0.786257476906723,0.47353561188738225,5,4,0.1727408513816281,5,5,1,1,4
93,1115,0.4005686007983349,0.5714285714285715,0.6395573494199792,0.49874358695042426,5,8,0.13718492919124,3,3,1,2,1
94,3714,0.46222425889493807,0.0,0.781712530124811,0.5709035772025045,12,18,0.14520741394527803,10,10,1,6,4
95,3579,0.17523429303921567,0.0,0.7509643794151695,0.3673222151889858,5,5,0.1275221953188055,5,5,1,1,4
96,3040,0.26860619228440374,0.2222222222222222,0.7037101515602947,0.5447315076700426,7,17,0.09703966167562007,6,6,1,1,5
97,438,0.3132804971791388,0.25,0.7417013968328643,0.6344994841287352,6,9,0.15163582415866322,5,5,1,1,4
98,472,0.10065307434699185,0.0,0.7488133800240021,0.49409041522734043,6,9,0.1430606333982242,6,6,1,1,5
99,3702,0.31517156068647845,0.22222222222222224,0.7292200600847822,0.4537899088052164,6,8,0.13043943119854592,4,4,1,1,3
100,550,0.09236789265285503,0.0,0.7481196672934892,0.6899418067550971,7,8,0.1218214074512123,6,6,1,2,4
101,424,0.09585158245699377,0.0,0.3964977537921089,0.4244556516831254,6,18,0.13325809182151638,5,5,1,2,3
102,2717,0.3409926388310596,0.2857142857142857,0.680796459501297,0.5666173757908131,9,15,0.0900820283370619,8,8,1,10,2
103,1226,0.25711138216013346,0.6,0.7121906924939837,0.5775279951497233,7,7,0.13431110029211296,4,4,1,1,3
104,2271,0.4544020620980469,0.0,0.6806468509239976,0.5043098248007539,7,9,0.09935945180992105,6,6,1,2,4
105,2735,0.31859305052267345,0.19999999999999998,0.7151687881598249,0.5299443721794087,14,12,0.12025140097216631,14,14,1,4,10
106,32,0.2170789877239286,0.25,0.6446439729875332,0.5681434324673602,14,11,0.11424130561492131,12,12,1,3,9
107,2166,0.37841414462762074,0.4,0.7029699528568253,0.48729666222575097,9,11,0.09536771841787582,6,6,1,2,4
108,2678,0.42428824430678475,0.4,0.7522665265663506,0.4942724076216918,16,17,0.08618721461187215,12,12,1,3,9
109,2505,0.09423664295508785,0.30769230769230765,0.6944039505125914,0.6616407154836528,10,7,0.25074707959793535,5,5,1,6,1
110,1239,0.2977824098139793,0.2857142857142857,0.7459764738421383,0.5721958488219815,5,11,0.08276655854347599,4,4,1,2,2
111,2881,0.18643567581431125,0.0,0.7385486912739474,0.6056163979525014,8,6,0.18982438016528927,5,5,1,2,3
112,2225,0.1627764976113479,0.15384615384615383,0.6478609855997547,0.5688539123222066,16,22,0.15341880341880343,13,13,1,6,7
113,3493,0.16573583256707253,0.0,0.7695575481774523,0.583280333936458,5,6,0.2346456692913386,5,5,1,3,2
114,646,0.28024941053379354,0.0,0.7303163668759793,0.6198074843658375,10,22,0.07444298820445609,8,8,1,10,2
115,1167,0.11746628462741598,0.0,0.6866587725613148,0.5314935867940648,6,19,0.11655927372026732,4,4,1,2,2
116,1513,0.22588317044716094,0.0,0.7477200505684802,0.5303909374328193,3,5,0.0813644774598407,3,3,1,1,2
117,1000,0.2565636892215066,0.6,0.7126642165786528,0.5479245284180604,5,9,0.06023469414305414,3,3,1,1,2
118,281,0.25144127993847665,0.4,0.6868502817958871,0.5654506784517015,6,12,0.08732488123695119,3,3,1,3,0
119,1429,0.4554466904638485,0.33333333333333337,0.47146203438013917,0.3935796532556985,7,7,0.12694477967317916,6,6,1,3,3
120,542,0.32036089815431273,0.0,0.7809669795224778,0.5861833784273017,7,5,0.18996272630457933,7,7,1,1,6
121,3691,0.33850786015032036,0.5,0.5814110338447529,0.4973050496995167,6,10,0.32469479545941315,4,4,1,3,1
122,2072,0.16594882845526426,0.0,0.6432778463347107,0.5440875756126644,3,9,0.0901142206212863,3,3,1,2,1
123,873,0.2795338344511603,0.0,0.6856993697524773,0.5520238606914135,7,16,0.13431347408610422,7,7,1,3,4
124,2202,0.4461973654875647,0.28571428571428575,0.7439528531635295,0.5673908576386297,13,16,0.09293309387382764,11,11,1,10,1
125,300,0.4724192249552214,0.0,0.7473130224459458,0.5596617341713824,7,9,0.07767065775151609,4,4,1,1,3
126,409,0.3012228489952005,0.5,0.6582031052583375,0.6432549710140401,13,18,0.08970106822880772,11,11,1,9,2
127,2306,0.6459956503597831,0.0,0.7619339441749007,0.5723408714211778,4,3,0.1786843769765971,4,4,1,1,3
128,2544,0.11044327133566662,0.2,0.7693234948022066,0.6382377561088008,6,13,0.1412370151529591,3,3,1,1,2
129,1877,0.21881731788736083,0.0,0.7604475224077061,0.5265921576530489,3,11,0.1966926159657285,3,3,1,2,1
130,38,0.28333368784660706,0.5,0.7777916434643595,0.6291558712188742,7,6,0.15307046427395457,5,5,1,1,4
131,297,0.34804919350156777,0.28571428571428575,0.7624008079147002,0.5974063783708091,8,16,0.07906976744186046,6,6,1,5,1
132,3079,0.20044064420836527,0.0,0.7138635387612778,0.5014858700969708,5,18,0.05010601725096239,5,5,1,1,4
133,3343,0.34899039258484654,0.0,0.6784152047163815,0.534700643758153,5,9,0.18009095502779182,5,5,1,2,3
134,1872,0.1284957870202063,0.0,0.49651359170823445,0.6083408902551823,5,5,0.378713184173935,5,5,1,3,2
135,1228,0.49232842182929965,0.0,0.7738668713584603,0.4507712533263865,7,8,0.1091282452451963,7,7,1,4,3
136,2643,0.4791465771188772,0.2857142857142857,0.7083284724754645,0.5412848820403446,6,6,0.1090251208589139,5,5,1,1,4
137,3496,0.5281159360298352,0.16666666666666666,0.7088494375580032,0.4675628042937572,10,11,0.0865748487578839,7,7,1,1,6
138,536,0.14157021017046356,0.1818181818181818,0.7176104610100648,0.49469000520081263,7,9,0.13291646624979958,4,4,1,2,2
139,1621,0.3883565051080365,0.5714285714285715,0.7191177996216607,0.5353409325080659,9,12,0.1066428145497913,7,7,1,5,2
140,1087,0.22416773817600721,0.0,0.7066406099647637,0.5633908194300352,4,6,0.14259677139385524,4,4,1,4,0
141,977,0.173687956764255,0.0,0.6260671207005729,0.5088000261039434,3,8,0.1594646271510516,3,3,1,1,2
142,1286,0.3760263959618099,0.0,0.7876706756714343,0.5501939923504593,14,8,0.0990935128591254,13,13,1,2,11
143,2933,0.2294649594712136,0.4,0.7837843433760247,0.5383203709319683,8,9,0.12464749012972363,5,5,1,2,3
144,2743,0.14442143093436943,0.5,0.6173749329819611,0.6316482199396778,5,4,0.10059841500889535,5,5,1,1,4
145,836,0.24558780713971956,0.0,0.6107902247690058,0.5256687026819952,8,7,0.1682417731846614,6,6,1,2,4
146,1068,0.39283121068532506,0.5714285714285715,0.7720703379914086,0.6127655828437869,6,10,0.10987967067764408,4,4,1,3,1
147,1295,0.415841162188852,0.28571428571428575,0.6060122940566328,0.5639588124720313,9,7,0.1105561425415426,6,6,1,3,3
148,2141,0.34963255720889413,0.0,0.7366023591919354,0.6111639868940035,7,13,0.11906041711459901,6,6,1,7,1
149,2315,0.23171643528599678,0.4,0.6223851472263525,0.5463316126507771,6,6,0.2445840554592721,6,6,1,1,5
150,3605,0.19299303552855013,0.28571428571428575,0.7555771770824427,0.49003169083844345,7,6,0.19685273159144892,4,4,1,3,1
151,2692,0.5932073721589282,0.0,0.7470608236094718,0.5692368659615514,5,5,0.14852060427281666,5,5,1,4,1
152,1717,0.19752110902364542,0.0,0.7038899200869424,0.5837613548084407,3,7,0.08966990086479645,3,3,1,2,1
153,335,0.3652822690532881,0.0,0.8084992396376516,0.6443257101970915,10,9,0.07673322240709927,7,7,1,4,3
154,2536,0.45519676973039863,0.0,0.7751044363354295,0.47711237381632643,15,13,0.08963939851087645,14,14,1,1,13
155,162,0.4256557876826457,0.7499999999999999,0.711589341579608,0.5998537201394483,5,9,0.14320747232139638,3,3,1,3,0
156,2435,0.45734679784142457,0.0,0.7411555296336182,0.6443032945827666,5,4,0.18538043478260868,5,5,1,1,4
157,2371,0.41362702997012074,0.5454545454545454,0.7165419596523487,0.48340814438278557,6,12,0.07235305566368237,4,4,1,1,3
158,1008,0.21850266507254876,0.4,0.7226010381982207,0.6354100211910172,4,12,0.06470910694282242,3,3,1,1,2
159,2333,0.37219469778277237,0.2222222222222222,0.6880797408523416,0.5017278733313218,14,12,0.0963863941729722,13,13,1,5,8
160,491,0.10892329197685116,0.0,0.7338359924961578,0.5727087477086257,6,9,0.19236944720544383,6,6,1,2,4
161,1653,0.32013223997044515,0.15384615384615383,0.6996650130099704,0.6234585582522686,8,13,0.07999803202873237,5,5,1,3,2
162,963,0.27446476572711453,0.5,0.7100502501001935,0.578737588558214,15,14,0.06268015303181175,13,13,1,8,5
163,2765,0.45044386846711004,0.25,0.764974585517138,0.6491195419896437,9,11,0.09518596641123542,7,7,1,2,5
164,278,0.20467091857064637,0.0,0.7119176145185871,0.7375628388241063,3,9,0.1487871540826785,3,3,1,1,2
165,2437,0.32129161501735193,0.5,0.7790833543811573,0.6643977874779595,6,6,0.09693016979646914,5,5,1,3,2
166,280,0.1422639053366379,0.0,0.7029085469167168,0.4842987248694817,12,14,0.10690981523456282,10,10,1,1,9
167,761,0.3024001262079559,0.0,0.7583152491709205,0.5337342852227862,6,17,0.12641831179904242,6,6,1,1,5
168,328,0.37510499292776,0.2222222222222222,0.7531143447233514,0.6525097587157497,12,15,0.150460497462565,11,11,1,4,7
169,2080,0.1380714651181156,0.4,0.6677379100958922,0.47230079413072135,13,12,0.10330381290767354,11,11,1,2,9
170,232,0.44680110924528993,0.4,0.7285919500179888,0.4403489966249712,6,9,0.11689988589273917,5,5,1,2,3
171,644,0.39445620006280796,0.0,0.7269221923711968,0.6476607705992444,10,8,0.14644315495379326,10,10,1,4,6
172,2175,0.2335647690132785,0.33333333333333337,0.6199648279759256,0.6299342744044363,4,10,0.09224857712420188,3,3,1,4,1
173,2059,0.18978844921989654,0.25,0.6182911273227534,0.6034018306039298,8,6,0.20534362700575234,5,5,1,1,4
174,1952,0.6505598002813355,0.4,0.7120333037912623,0.6004862766836442,6,6,0.08740484252870637,4,4,1,3,1
175,2392,0.17047028537729317,0.0,0.5776354815677952,0.6693959501907777,3,6,0.14834829190357596,3,3,1,5,2
176,205,0.15453703322508203,0.5,0.7242421396926876,0.6168898273111834,6,9,0.2120076481835564,5,5,1,7,2
177,234,0.17738968383518236,0.4444444444444444,0.7732020947756291,0.5068200928783815,19,13,0.15407203657584656,16,16,1,3,13
178,1284,0.2799895805685361,0.3636363636363636,0.6340804738597633,0.48012099834499367,10,14,0.10299616006467259,8,8,1,2,6
179,3063,0.18275163339309072,0.0,0.7428208315361169,0.6319589543219245,4,3,0.20202344628231894,4,4,1,2,2
180,249,0.10420358932423619,0.0,0.7140170448888986,0.5892979235008279,4,10,0.10554145516074451,4,4,1,3,1
181,2220,0.44636278677103897,0.2222222222222222,0.7183856993942017,0.6082214451816903,5,9,0.08307038444201172,4,4,1,3,1
182,3013,0.5760534423428024,0.5,0.7186493523654612,0.6252633051276884,7,13,0.06681359748939943,5,5,1,13,8
183,2372,0.6566374366092036,0.2857142857142857,0.763571347097324,0.5505166127885581,7,11,0.0900635148422759,6,6,1,5,1
184,239,0.1253877608118672,0.0,0.6729276961084946,0.5269783028955184,5,8,0.14692215318749022,5,5,1,1,4
185,891,0.27972821293753786,0.25,0.7422619663270577,0.5686044308585317,4,14,0.10675764257195638,3,3,1,4,1
186,1215,0.4490882554250157,0.25,0.7275802122901275,0.5736090668322449,9,7,0.06135329517099662,6,6,1,2,4
187,777,0.39515091625922344,0.4285714285714285,0.7617361015197263,0.5327765578413571,13,15,0.08395012993848482,11,11,1,6,5
188,634,0.2415350281701716,0.0,0.796287042556096,0.5180212408049168,3,5,0.2812220375814905,3,3,1,2,1
189,1993,0.4205295662795422,0.6666666666666666,0.6770765739857799,0.561784627976787,6,8,0.10376656245347625,4,4,1,2,2
190,2942,0.15182145103940753,0.0,0.6070582701241268,0.4440650765791353,7,7,0.17560182173064412,7,7,1,1,6
191,2711,0.150967856120165,0.0,0.6329428702979084,0.45538584155336637,4,5,0.3480774063835134,5,5,1,3,2
192,2276,0.28433960562410404,0.14285714285714285,0.7799711394796741,0.5059326387767682,8,7,0.14737373737373738,7,7,1,1,6
193,3208,0.5082949832414203,0.16666666666666666,0.7867698787171348,0.5923354027440043,12,11,0.0903387703889586,9,9,1,5,4
194,2992,0.2577763754787903,0.0,0.7041147433418228,0.5430217478762389,5,5,0.13834597991875527,5,5,1,2,3
195,2853,0.3572773679565756,0.28571428571428575,0.7343728524249589,0.6786963533832103,5,7,0.11852166525063722,3,3,1,6,3
196,1732,0.4663207317034057,0.0,0.6730809948749905,0.6149428550082883,4,6,0.1562375448385811,4,4,1,2,2
197,1168,0.28926614065261685,0.0,0.7611235515185232,0.6580937339573694,6,5,0.138589508519297,5,5,1,1,4
198,1863,0.2082545220120631,0.28571428571428575,0.6582486056267335,0.48452650555653937,10,10,0.19068609656173832,8,8,1,5,3
199,3215,0.32903713062702095,0.0,0.7774911261709758,0.5063615106131725,5,8,0.11441670239783634,5,5,1,1,4
200,3211,0.3113254914422311,0.0,0.7288813468055968,0.466663546784404,4,5,0.13086637298091042,4,4,1,2,2
201,1086,0.28515544698050166,0.0,0.6855048288690693,0.5128173305724318,5,14,0.11522388059701492,5,5,1,2,3
202,1599,0.08076597889693142,0.0,0.7858325552537438,0.4367569698999225,6,6,0.08822402277455381,4,4,1,1,3
203,8,0.3810420080437189,0.3636363636363636,0.7164845088064671,0.5554793131844618,12,10,0.15237503677792671,10,10,1,2,8
204,1552,0.24164623953386696,0.0,0.7183645655685191,0.5963234212592777,4,15,0.043350981002802866,4,4,1,3,1
205,674,0.35274554588826035,0.0,0.7453555428951126,0.5914105847456235,11,14,0.11598856987345217,9,9,1,8,1
206,240,0.3570590671429949,0.0,0.7245419038780901,0.6263538627872145,9,13,0.19726438962681847,9,9,1,5,4
207,1642,0.2109547759173816,0.5,0.648700102379071,0.5058219835393963,10,19,0.08611012238863182,5,5,1,1,4
208,875,0.3867487252379419,0.0,0.7091901498838012,0.4462499753888027,3,2,0.2927650028042625,3,3,1,1,2
209,1971,0.6781868511063573,0.0,0.7794759513161416,0.6068984378604837,4,4,0.14795562938749263,4,4,1,1,3
210,1989,0.07255355300368525,0.0,0.7363983899636701,0.5255106741367803,3,9,0.1076722079560301,3,3,1,1,2
211,1664,0.4243362056505107,0.0,0.7608622877613829,0.5619474078434862,7,11,0.08418646005334689,6,6,1,6,0
212,681,0.26004793379202534,0.0,0.7204261531586094,0.5094893112292715,4,9,0.11589793517504361,4,4,1,9,5
213,968,0.2653070987772822,0.3636363636363636,0.575390820579066,0.47447777185444623,11,12,0.1344385672192836,8,8,1,6,2
214,3086,0.34690266343254855,0.4,0.6701864167273778,0.4724810301879859,12,19,0.07486532434812888,10,10,1,1,9
215,382,0.160321291548389,0.0,0.7638082882115216,0.5614767799212459,5,7,0.17207943430579667,5,5,1,3,2
216,60,0.33642928249160164,0.4,0.7039833211710635,0.5103527363316809,9,18,0.09616423554835224,7,7,1,3,4
217,2214,0.1317280866368625,0.0,0.7124979165932355,0.6187858379312419,5,10,0.10631258417754876,3,3,1,3,0
218,2671,0.17450423691267428,0.33333333333333337,0.6573976410692319,0.5741718703193694,10,10,0.2011317704122878,10,10,1,7,3
219,207,0.16746864673293754,0.5454545454545454,0.7654299605567575,0.4389252068411892,8,7,0.187646329706652,6,6,1,2,4
220,401,0.2828784892206404,0.0,0.5813619433696297,0.4791651760509674,4,9,0.11180481891195636,4,4,1,3,1
221,2254,0.1385393601600701,0.0,0.6803343497544714,0.5886519171893978,4,5,0.12388196351855764,4,4,1,1,3
222,3309,0.367682384997695,0.1818181818181818,0.7735571555831232,0.5435553163095876,12,13,0.11842613214550854,10,10,1,2,8
223,1815,0.2726521871011737,0.6666666666666666,0.7373120844379948,0.6040682158459095,9,10,0.11036739104334253,7,7,1,2,5
224,308,0.21774603548359775,0.0,0.7006017293742843,0.6019411326664056,3,6,0.2557129798903108,3,3,1,1,2
225,1023,0.5794463960014181,0.33333333333333337,0.7513374544414027,0.49828624853233694,5,6,0.09085899889797576,4,4,1,1,3
226,1894,0.28977021271656056,0.0,0.7620086056741322,0.6152920426487701,14,20,0.08433764038159643,13,13,1,22,9
227,3467,0.15832834201710697,0.0,0.6380331080846332,0.414649266368347,5,8,0.21715697282730742,5,5,1,3,2
228,751,0.19943881449155773,0.0,0.6639775566947801,0.4361614552094269,8,7,0.1515167201573662,8,8,1,2,6
229,3744,0.22116166117447275,0.3333333333333333,0.6591485477067728,0.522024009048289,6,14,0.07667690732206861,4,4,1,3,1
230,574,0.2817159016996955,0.0,0.7948291634455378,0.4051326426493604,13,6,0.23234446312755225,14,14,1,6,8
231,1837,0.4149609799617237,0.5,0.7006180651178244,0.5370743405250974,5,14,0.09043170783196115,3,3,1,3,0
232,3697,0.45519551207343206,0.5,0.6863411910285393,0.5247407634061847,11,9,0.09134786781845605,9,9,1,2,7
233,3639,0.32481004014831827,0.0,0.7940797471419385,0.7366575328109828,6,8,0.19407706841249617,6,6,1,5,1
234,784,0.27478063253762824,0.0,0.6366905986698637,0.5745126794832514,7,14,0.18648443432042522,7,7,1,2,5
235,1018,0.40283226742420286,0.33333333333333337,0.7182652807086547,0.5460079964275688,9,14,0.1151923303140807,7,7,1,1,6
236,447,0.3061726285126912,0.0,0.766188727198305,0.568582784880189,4,13,0.06442353691596236,4,4,1,2,2
237,3279,0.280180354321893,0.25,0.7326911508063944,0.48228740714171003,6,6,0.12087563451776649,4,4,1,1,3
238,1389,0.3795597861480761,0.0,0.7877872497901199,0.645671683522929,5,6,0.1066662756254216,5,5,1,3,2
239,2982,0.07578589982779937,0.30769230769230765,0.6340983066358207,0.545536980093921,11,13,0.14809968847352026,8,8,1,3,5
240,1649,0.11606438126469941,0.0,0.755858579019782,0.6498571805376665,4,8,0.24637379415643001,4,4,1,2,2
241,248,0.40713285022995677,0.5,0.6934259914146641,0.6611755485819109,5,5,0.1351275384723491,4,4,1,2,2
242,403,0.1371925506455683,0.0,0.8059247206287304,0.5396246947707195,9,11,0.22504083789756896,9,9,1,2,7
243,2646,0.19661511230584747,0.3076923076923077,0.6326075015742992,0.5519804850444336,7,14,0.07403373806654927,5,5,1,2,3
244,2676,0.29643572679839597,0.4,0.7468037461129831,0.43715540089936733,5,5,0.13335051546391752,3,3,1,1,2
245,2758,0.13969674452683828,0.0,0.6217954279461247,0.5246083616910825,6,21,0.1515787740315343,6,6,1,3,3
246,221,0.1402625518810017,0.0,0.7819406208332023,0.549938017876478,3,9,0.1523890851220743,3,3,1,1,2
247,3651,0.15993219133223482,0.4444444444444445,0.7487130983859516,0.5205058676858106,7,6,0.16832903731928722,4,4,1,1,3
248,1912,0.34522572936949947,0.25,0.7370878697046338,0.54416054531325,6,15,0.05600037790217058,4,4,1,4,0
249,1683,0.3417391161159811,0.0,0.7459201632792567,0.5653488939393108,7,9,0.16659315985726314,7,7,1,3,4
250,1734,0.44329709993754834,0.33333333333333337,0.7858519521168983,0.6481222663793282,9,8,0.14323935654325942,9,9,1,4,5
251,1451,0.24633848346307782,0.0,0.736410863367623,0.4667642158131297,5,5,0.10992268041237113,5,5,1,2,3
252,1765,0.3295065168083455,0.0,0.8002289782942505,0.5442968709138908,4,12,0.17813294274759833,4,4,1,4,0
253,2699,0.2326810164013156,0.0,0.7392207324142632,0.48663535016218584,7,8,0.08530621981036436,7,7,1,3,4
254,397,0.2565935534510392,0.30769230769230765,0.7627164700140787,0.5297110332252398,8,7,0.11755072331907924,5,5,1,1,4
255,386,0.13317708407032164,0.0,0.7237994957967706,0.49114261097239453,5,5,0.16397973284200829,5,5,1,1,4
256,779,0.20326870526325885,0.0,0.721895140311524,0.5972016179813351,5,12,0.0999311199889792,3,3,1,5,2
257,1667,0.3007014394870945,0.3529411764705882,0.6708560459927058,0.5033864549725825,9,15,0.1733902249806051,5,5,1,1,4
258,3307,0.22513009482733914,0.36363636363636365,0.7985103594641186,0.38009177737178884,10,6,0.13169031615633559,7,7,1,2,5
259,1937,0.24322290250007172,0.28571428571428575,0.6553618702204544,0.5479344535937835,10,8,0.23091932876177734,10,10,1,3,7
260,3213,0.41083475452711743,0.8571428571428571,0.7800924085225606,0.5662188835155286,7,6,0.16851415094339622,5,5,1,2,3
261,995,0.20124611182698857,0.5,0.6256363740292923,0.40587958456185,4,5,0.09857687420584497,3,3,1,1,2
262,1936,0.06405096890398532,0.0,0.7788307771424198,0.6197578626121063,7,8,0.1167887862376553,7,7,1,5,2
263,2360,0.29300389688179257,0.0,0.6554849613395908,0.3738947074236396,4,4,0.2383116883116883,4,4,1,1,3
264,2338,0.30286831946567594,0.0,0.7358876008050644,0.5080696477705187,5,10,0.09936888687737296,5,5,1,3,2
265,2962,0.35497338110311455,0.0,0.7821256612130705,0.5343839898494336,5,12,0.12376155421486688,5,5,1,3,2
266,541,0.11856689275429584,0.0,0.7281641741702456,0.3929076949959169,5,2,0.30413062020226633,4,4,1,1,3
267,3504,0.3374861257819297,0.16666666666666666,0.7095769397657193,0.5530338936655083,8,15,0.08338043453686328,5,5,1,3,2
268,877,0.17047019687681644,0.16666666666666666,0.6853737393780656,0.5408150229690136,8,10,0.15337551275811723,5,5,1,1,4
269,1988,0.2293812027043983,0.3333333333333333,0.6146725177674034,0.6006118017979505,7,11,0.13278348263054401,5,5,1,4,1
270,2740,0.09932648577351695,0.0,0.6227440947029107,0.510918699822035,9,13,0.23428373428373428,9,9,1,3,6
271,1140,0.17780683220666352,0.33333333333333337,0.7875523713178847,0.5240992008452857,12,9,0.2018117018117018,12,12,1,7,5
272,974,0.20887896480238702,0.0,0.7658399758406951,0.5182144707470574,10,14,0.20516513533647876,10,10,1,2,8
273,2105,0.10837466358498704,0.0,0.7374792098287128,0.5539592417003173,9,11,0.22899965144649703,6,6,1,5,1
274,3478,0.45360679436893414,0.4,0.7279837765583576,0.5470057784538697,15,17,0.16408988764044943,11,11,1,3,8
275,1353,0.6338027789021057,0.4444444444444445,0.7208589567550838,0.5317665591966467,8,8,0.10647772061257033,6,6,1,2,4
276,128,0.39559226329219943,0.0,0.7387718401735809,0.6400986066375479,5,4,0.1720662347012239,5,5,1,2,3
277,276,0.4584796655204247,0.4444444444444444,0.7706419222360186,0.5848048300275058,11,10,0.10577233150596582,9,9,1,3,6
278,937,0.21734920558332255,0.2857142857142857,0.6875920138276526,0.4409807641456291,13,14,0.13942171674305437,9,9,1,2,7
279,241,0.13109743293491782,0.2222222222222222,0.7741345714125268,0.5479240330402694,7,8,0.12556929082628496,5,5,1,1,4
280,2584,0.254127736814537,0.4,0.6961245965006174,0.5238525062333317,6,20,0.08411237587793655,4,4,1,1,3
281,2899,0.24464085523399298,0.0,0.7438074473595099,0.5395813082180004,15,20,0.15303361262347992,15,15,1,6,9
282,290,0.3969133149289272,0.1818181818181818,0.7091560119983366,0.5510261603240191,10,11,0.11090737494944047,8,8,1,5,3
283,29,0.24258876985080338,0.0,0.7597276796965259,0.6324408589297501,3,13,0.12195274409301163,3,3,1,1,2
284,3728,0.14936242323354793,0.0,0.7319651644827503,0.6304832718769211,10,14,0.15731495804621948,10,10,1,11,1
285,2410,0.15815828709773155,0.6,0.6434289077513978,0.5644104001257483,8,16,0.07555852636450112,6,6,1,2,4
286,942,0.451539982076724,0.3636363636363636,0.7350527349367149,0.5570719298110612,8,10,0.14947503749732163,6,6,1,1,5
287,2268,0.280560077330471,0.0,0.6376730773097056,0.4691741992670061,11,13,0.14830124004435932,11,11,1,3,8
288,2409,0.2707173180287224,0.0,0.7532243540940398,0.5585362017943974,7,10,0.053286615276804485,5,5,1,6,1
289,86,0.3502114526038794,0.0,0.6573447020230081,0.6236124143369165,4,19,0.11461472575579736,4,4,1,4,0
290,1384,0.1415439678491495,0.0,0.760173116919067,0.5895270530522932,6,9,0.08551171260478849,6,6,1,4,2
291,262,0.29121656786669764,0.0,0.7185630919513111,0.5621253904232074,3,5,0.21996380342475289,4,4,1,2,2
292,920,0.3222264464597991,0.2222222222222222,0.7246724833544325,0.5422850339858704,6,10,0.08305793484858703,5,5,1,1,4
293,1015,0.4198248355551431,0.0,0.7664623860260322,0.6767492468515459,4,9,0.13048196039424903,4,4,1,3,1
294,495,0.23573668473425036,0.0,0.7618266421901866,0.5740295716990038,7,12,0.1819400983459991,6,6,1,2,4
295,1849,0.45898645267822363,0.5,0.7362350838438876,0.6288101929318842,6,8,0.09776086231803534,3,3,1,11,8
296,2119,0.3218139471447372,0.2,0.7430174536221756,0.47895250777130954,10,9,0.08581240801034744,7,7,1,2,5
297,1794,0.31063101223690465,0.14285714285714288,0.7145721631427825,0.5544896763271356,12,28,0.08236966565515733,9,9,1,1,8
298,1529,0.3940449841651864,0.3636363636363636,0.7685556507957588,0.5912480892980168,7,13,0.07989200466343499,5,5,1,4,1
299,3732,0.3028179600621054,0.0,0.7373332669298951,0.5154319053083353,5,13,0.1161351139041634,5,5,1,1,4
300,2751,0.3242776163042654,0.375,0.7214958882877214,0.49173458352178684,15,18,0.10672813715602938,13,13,1,1,12
301,1634,0.2709767031074388,0.4,0.7096248514031763,0.565614245108139,5,5,0.2158904637932697,4,4,1,1,3
302,1276,0.4229984525285599,0.0,0.7830983808175758,0.6346062519554034,5,9,0.11468444618753472,5,5,1,8,3
303,2920,0.2934016962175388,0.15384615384615383,0.5906596691129846,0.45968091742453177,11,16,0.07463554243806457,8,8,1,1,7
304,823,0.40148395604538784,0.0,0.7076427102528928,0.5993142291034724,3,3,0.148770180951349,3,3,1,2,1
305,2825,0.17691435766336489,0.0,0.7851338886779803,0.5787891436226615,6,22,0.14598303528013398,6,6,1,4,2
306,2989,0.06566639001763942,0.0,0.6725510379594477,0.5473244840057118,9,18,0.22724109131403117,9,9,1,5,4
307,3093,0.1976508243332377,0.33333333333333337,0.6463245354760272,0.47797841370728256,10,13,0.10625441923249984,8,8,1,2,6
308,2208,0.22206672503358843,0.0,0.7650192784034764,0.5285032573552129,9,12,0.24756238638241612,8,8,1,2,6
309,867,0.20554480083252397,0.0,0.7887052892698073,0.553225557536735,13,21,0.12807515981145476,11,11,1,3,8
310,1733,0.31372933913665385,0.0,0.6838996491372874,0.5794336286933152,4,11,0.0527929460209471,4,4,1,3,1
311,2484,0.20871015244718003,0.0,0.6363995546060742,0.4453994971792893,10,10,0.15128979781547758,10,10,1,1,9
312,2161,0.20621023872029062,0.0,0.7612762554911442,0.5334774045311841,8,6,0.23162134944612287,7,7,1,3,4
313,1085,0.09117145899893504,0.0,0.6317319516146623,0.6191051103087798,7,4,0.17827056491575818,5,5,1,2,3
314,676,0.26684751292718734,0.0,0.6877564928640868,0.5137534987730111,4,12,0.10994100457628053,4,4,1,5,1
315,2251,0.15008470075714953,0.0,0.7477477709440778,0.6210027970913571,8,12,0.19656567324362256,7,7,1,1,6
316,1946,0.3572532579484942,0.0,0.7556699259348718,0.5138133784697048,7,9,0.16905641783690564,7,7,1,2,5
317,2702,0.1491991733591748,0.0,0.7264729117668993,0.663351073273177,4,7,0.16421540898291662,4,4,1,4,0
318,525,0.2719615897535124,0.0,0.7490775683814593,0.6322080305715085,11,11,0.12394438912859092,9,9,1,3,6
319,515,0.27060140549380174,0.0,0.7432031855638066,0.5803224597946907,8,12,0.15888627734586874,8,8,1,4,4
320,3136,0.1697224576585976,0.14285714285714288,0.5640026558570825,0.6061419155456932,8,20,0.16923601637107777,5,5,1,1,4
321,2181,0.19313759303673106,0.5,0.5840985073307825,0.5052889796214562,8,8,0.16621593509465363,8,8,1,2,6
322,3115,0.4256308702942371,0.5454545454545454,0.6551689980337533,0.5216425349691812,7,10,0.0884491660584435,5,5,1,1,4
323,283,0.36680179982098543,0.28571428571428575,0.7800830504359166,0.5443425515202602,8,7,0.12954401232889132,6,6,1,3,3
324,3342,0.36121110670798834,0.28571428571428575,0.7221943350584362,0.631387275279554,6,12,0.10418040353422128,4,4,1,6,2
325,1990,0.3089561634401809,0.0,0.6161358621536094,0.5585070280405113,9,9,0.2053623020917601,9,9,1,4,5
326,2997,0.3800365018116691,0.6666666666666666,0.6966897026087763,0.5868080141201315,12,12,0.13058493416792574,10,10,1,6,4
327,350,0.4799353088256327,0.2857142857142857,0.7079228247139443,0.5723194391521202,9,10,0.1188646288209607,8,8,1,4,4
328,3694,0.6319204669170989,0.6153846153846153,0.7653590722865544,0.59352796303107,10,8,0.1253027798069899,8,8,1,1,7
329,3688,0.21984944489935446,0.22222222222222224,0.6125571493527926,0.5246223277296302,8,6,0.15031178208073515,5,5,1,1,4
330,986,0.22096352496331736,0.0,0.7394796780546095,0.5320204927058004,3,7,0.0697185214865271,3,3,1,7,4
331,237,0.06428135518664456,0.0,0.6314288119192109,0.46371100618356786,4,10,0.21970845481049564,4,4,1,1,3
332,980,0.2278407313440459,0.25,0.7165768157456923,0.5465005741854134,7,10,0.14953209437195203,6,6,1,3,3
333,1259,0.1454203878073276,0.0,0.7419878872074741,0.47369616241912965,3,13,0.18756989393066523,3,3,1,3,0
334,3304,0.08954878828710551,0.0,0.779367230597825,0.6517126253864957,8,11,0.14413747129842233,8,8,1,5,3
335,3406,0.3849609688430965,0.0,0.702439502395759,0.6337928858525396,5,9,0.1072414851181344,3,3,1,3,0
336,1486,0.20761264874310079,0.42857142857142855,0.678096717923633,0.5875819548540173,9,20,0.12805636137588064,7,7,1,2,5
337,458,0.3302732637385542,0.2857142857142857,0.7745106927778729,0.515256267462441,10,7,0.17136659436008678,9,9,1,2,7
338,79,0.5182436777440534,0.5714285714285715,0.7276779762067217,0.4952404373912641,6,11,0.08439903677553597,4,4,1,1,3
339,2001,0.1978562896506144,0.0,0.7188421751878346,0.565626318014683,4,7,0.1362583458236817,4,4,1,1,3
340,1327,0.21066825984771623,0.28571428571428575,0.7491367512468253,0.48296623448718395,13,8,0.1113252064490759,11,11,1,4,7
341,2453,0.13060788448311253,0.2857142857142857,0.6322643857864572,0.5920304469961729,10,13,0.12458740316604917,10,10,1,8,2
342,2,0.30993626867526863,0.25,0.7616590967458794,0.4640555291785859,11,11,0.09952313123180777,10,10,1,4,6
343,2172,0.16918501560965377,0.0,0.7843637772092805,0.5100037810503338,3,3,0.3543780533633972,3,3,1,2,1
344,3189,0.28370508501901137,0.4,0.701335411557518,0.517070498859658,14,16,0.10633230930437475,11,11,1,9,2
345,2209,0.21051792044724013,0.0,0.7707926896238808,0.5159179648389892,7,11,0.19837537409149208,7,7,1,2,5
346,661,0.37130981034640076,0.5,0.7734952372786876,0.4942172506009877,8,5,0.0917058572039333,5,5,1,1,4
347,3123,0.46833154595584586,0.2857142857142857,0.7432418565919618,0.5392112337304568,15,16,0.09797937276362871,14,14,1,10,4
348,1531,0.21480379402773547,0.2857142857142857,0.4499512979062036,0.6137841401114763,4,7,0.18324142739430818,5,5,1,1,4
349,3593,0.1105292871229953,0.0,0.6426718953497661,0.5608262576522652,7,7,0.13806497175141244,6,6,1,1,5
350,3734,0.4870089847199548,0.5714285714285715,0.7122492885544467,0.5754380151250946,7,8,0.10735064836293114,5,5,1,4,1
351,2494,0.4379656593496451,0.4444444444444445,0.778266024577877,0.5444547921776275,9,11,0.08180056545633597,7,7,1,3,4
352,3554,0.16011133460658544,0.0,0.7000388763809056,0.4696058138934088,4,12,0.11102135336726177,4,4,1,2,2
353,2617,0.08971326513437623,0.0,0.635064503358386,0.49430871536914966,6,9,0.30917048485262943,6,6,1,4,2
354,3447,0.15907421655142193,0.33333333333333337,0.6979120712261636,0.5083655899524212,4,12,0.0990724756415133,3,3,1,3,0
355,1222,0.2828672523784935,0.25,0.6799664915376684,0.5067948171217597,5,8,0.07738903859430328,3,3,1,1,2
356,2561,0.17777657015941298,0.25,0.7251519784195095,0.574250894172075,13,19,0.16403526758253023,12,12,1,8,4
357,435,0.1449875572133585,0.2,0.7098024356479843,0.5508946832483478,11,11,0.14473497564896684,8,8,1,5,3
358,2079,0.34517519082836906,0.0,0.7226396300908307,0.558824755477677,4,5,0.12332461259810827,4,4,1,2,2
359,731,0.28399584619515067,0.0,0.7799386708324185,0.6371052654839773,3,4,0.09550762467371891,3,3,1,3,0
360,3120,0.36192428712691577,0.19999999999999998,0.7130008604888568,0.5005607030097002,9,12,0.08946681928288125,8,8,1,1,7
361,2050,0.4670821257861047,0.3076923076923077,0.7411688474545419,0.5164028045993582,9,11,0.09417803109426755,7,7,1,1,6
362,1078,0.38466784953707295,0.25,0.658325252531047,0.44376589344412554,8,12,0.07937857309842093,6,6,1,3,3
363,2947,0.4425813329655906,0.6,0.6503368688687756,0.5178720878792384,8,8,0.13001768057101695,6,6,1,4,2
364,2957,0.19526861118616204,0.0,0.6928541524331909,0.5820825919269028,5,18,0.08181394264397296,5,5,1,2,3
365,13,0.18768439860963568,0.0,0.7229620379958772,0.5169478253724024,4,9,0.12992139498163593,4,4,1,2,2
366,1858,0.4540617557192649,0.2,0.7168486288913208,0.5886509261862686,6,13,0.06116201117318436,3,3,1,4,1
367,647,0.2540117965488499,0.16666666666666669,0.7095410118655352,0.5210768722729716,11,21,0.09315402837931612,10,10,1,2,8
368,1780,0.47557441018704233,0.0,0.7212385301139502,0.5487011324908339,5,10,0.06302843966179862,5,5,1,9,4
369,1202,0.5446511722356531,0.0,0.703536875424921,0.649181247519919,7,9,0.09475963620614984,7,7,1,6,1
370,3759,0.37737689320792417,0.4,0.7633831107149064,0.5430937923395228,6,6,0.1491176277635636,6,6,1,1,5
371,3716,0.30530146572161243,0.0,0.7668625862583647,0.6111320511189606,6,22,0.11050484579208564,6,6,1,4,2
372,2625,0.3999061226506638,0.0,0.7795916643916511,0.5942184252426255,6,6,0.15348109517601044,3,3,1,1,2
373,3148,0.13507380895508217,0.0,0.67577345890771,0.5640489004437392,9,16,0.11215145894061185,8,8,1,4,4
374,1092,0.3046750027431176,0.0,0.7815876354719242,0.5320537437899323,5,10,0.11754647075588208,5,5,1,3,2
375,3075,0.486514522749067,0.8571428571428571,0.739090163605608,0.6470540574910364,10,10,0.1024749373433584,8,8,1,12,4
376,2199,0.24184866166117897,0.25,0.6829852258751851,0.5568764329566563,4,16,0.04398579938624466,3,3,1,1,2
377,2792,0.3832647022145897,0.4,0.7391862993155511,0.5281350793977819,6,5,0.1436850738108256,5,5,1,2,3
378,469,0.4082454390366847,0.0,0.7841605043795825,0.5720448307237251,5,10,0.10364641485798318,5,5,1,3,2
379,2952,0.4682982072991293,0.5714285714285715,0.77333191217372,0.6339162715730337,6,12,0.08584601459523675,4,4,1,5,1
380,2786,0.34553219158149595,0.2222222222222222,0.7689983064029335,0.5596002277262451,8,8,0.10070781426953568,7,7,1,2,5
381,47,0.4929782415510893,0.5454545454545454,0.7629580814627079,0.5482184718330354,8,8,0.09203282699561627,6,6,1,1,5
382,3525,0.299069477218458,0.4,0.7039341771802125,0.422023685299716,9,9,0.11871343256434352,7,7,1,2,5
383,2266,0.2608867302902278,0.5,0.6914077994828448,0.5467309411785733,13,22,0.06425007636696874,11,11,1,3,8
384,1029,0.26857558339768783,0.5,0.7111882953981644,0.5663010165570995,9,10,0.08497723823975721,7,7,1,4,3
385,2167,0.19328855833671638,0.39999999999999997,0.6995257373457295,0.5308000987959183,10,20,0.11176470588235295,7,7,1,2,5
386,1917,0.35279876875724353,0.19999999999999998,0.7431334041450686,0.4022532724580184,8,9,0.12326275194644547,7,7,1,2,5
387,2440,0.16097794013551095,0.0,0.7503705005565431,0.4990797790445285,6,10,0.12810433046299763,6,6,1,3,3
388,1563,0.07307454465267907,0.2,0.6483163245020866,0.50305481344157,6,8,0.24259578308310772,6,6,1,1,5
389,1576,0.279414842665545,0.28571428571428575,0.6377614784734187,0.5509668123543912,10,8,0.10667738659444821,8,8,1,1,7
390,260,0.6110403198597845,0.0,0.7413439044143387,0.5642921759056857,4,3,0.14659648623657442,4,4,1,2,2
391,2442,0.596904794421372,0.0,0.785492043093343,0.6311957681785875,8,9,0.09191242988963272,7,7,1,6,1
392,1729,0.18673526727789141,0.0,0.7414769362353214,0.5962357814680229,7,7,0.14020472084988214,6,6,1,2,4
393,2787,0.3461757427578349,0.0,0.7560206365770402,0.6310488905093599,3,11,0.16580432737535278,3,3,1,1,2
394,3244,0.13362169111949523,0.0,0.7272605952414175,0.5972780195002733,4,6,0.11113046507577078,4,4,1,2,2
395,655,0.17927910242354186,0.5,0.7013077417291237,0.566098589713678,9,5,0.16033815732913026,8,8,1,2,6
396,2570,0.45804359712021075,0.0,0.8118637334426912,0.655211559964327,8,10,0.12237353470883756,8,8,1,6,2
397,626,0.5121611162932074,0.33333333333333337,0.7414168829146374,0.5648294321214448,7,16,0.08527692885099995,6,6,1,5,1
398,449,0.2948263375972578,0.0,0.6351481895073585,0.5392163643731245,8,10,0.19132318567926573,7,7,1,4,3
399,3527,0.25081490469272605,0.0,0.74663417562871,0.5553532849108542,11,15,0.10000290368477598,9,9,1,11,2
400,192,0.38535623983127015,0.2222222222222222,0.6441181550916174,0.4683088310268351,6,11,0.1314873657134211,5,5,1,3,2
401,3095,0.3633692192419457,0.0,0.7490355516742283,0.6292355177920145,6,7,0.09599046829672607,6,6,1,3,3
402,372,0.3702212371749165,0.0,0.5932247400175772,0.6281524956965093,4,5,0.09272665435817705,4,4,1,3,1
403,2021,0.5058493544782481,0.0,0.7869156455203146,0.5675452764870071,4,5,0.13765274658342533,4,4,1,3,1
404,2087,0.20275861910387172,0.3333333333333333,0.7683153991616679,0.5644395173511493,9,9,0.15596704462027897,6,6,1,1,5
405,566,0.4395052893187774,0.8,0.7067471223944817,0.5670279635558003,5,6,0.13487488980809656,3,3,1,3,0
406,898,0.3458468153751988,1.0,0.7410337381271985,0.6111884030167762,4,9,0.09933349639231992,4,4,1,11,7
407,1482,0.17893315201039525,0.0,0.6100973855752818,0.34785299476788883,4,4,0.12969161740616766,3,3,1,2,1
408,1635,0.17657609806079191,0.4,0.7363746907764805,0.4705069793324732,5,6,0.2131724484665661,5,5,1,2,3
409,2390,0.4630209728036796,0.4444444444444445,0.7219487210443072,0.5733292281875025,5,9,0.05639888695337421,3,3,1,5,2
410,1754,0.37709353222456965,0.4444444444444445,0.7328401399420793,0.6180791120315566,6,12,0.061798474852197756,4,4,1,1,3
411,2394,0.23825734515040256,0.4,0.6827062191803728,0.4500977414572819,5,9,0.10310446408338998,3,3,1,1,2
412,3059,0.2921482497036712,0.3076923076923077,0.66599953224894,0.5003141432549781,8,11,0.10221825883402073,5,5,1,1,4
413,1076,0.23390367335656265,0.2,0.7064777540064516,0.5417936480273454,11,11,0.12284600531895515,9,9,1,1,8
414,2207,0.2870258069353643,0.0,0.7141887325563067,0.598787214243244,3,4,0.3241447206497662,3,3,1,3,0
415,2299,0.4401028805094674,0.30769230769230765,0.6447978002979495,0.48685841854755757,7,10,0.10712334380549106,5,5,1,2,3
416,3051,0.5603465757648359,0.19999999999999998,0.6876936823553303,0.5176927969043158,9,10,0.09959141981613892,8,8,1,1,7
417,1010,0.23221737654228902,0.0,0.7158506176932333,0.5658529733683446,7,9,0.09825221310678038,6,6,1,1,5
418,3753,0.23563432820874936,0.0,0.6452225111684781,0.5473850982474813,13,14,0.16828805314983983,13,13,1,2,11
419,1084,0.20222643119348366,0.6666666666666666,0.6418160723795333,0.5819998162849394,13,9,0.15423595746199414,11,11,1,2,9
420,585,0.38426228641632515,0.22222222222222224,0.6324554392198444,0.46628963762109127,7,12,0.08861389423395925,5,5,1,4,1
421,1879,0.24598157526012562,0.3636363636363636,0.6439557765634697,0.46508963513985035,16,23,0.08536410806942207,14,14,1,1,13
422,2633,0.2856508655151386,0.4,0.7109834805265353,0.5602160066088558,6,20,0.04716145300892796,5,5,1,6,1
423,1620,0.32348396938651075,0.6666666666666666,0.6810029682818816,0.6042911598495759,5,5,0.2446257787136966,4,4,1,1,3
424,2044,0.25788381623878026,0.2222222222222222,0.6584190561243257,0.4527309311236262,8,11,0.1290778804450311,6,6,1,1,5
425,2684,0.3025704070529719,0.25,0.7421220590563457,0.5878437300944345,12,16,0.12705525490331254,11,11,1,5,6
426,870,0.25139171288031187,0.18181818181818182,0.6165098007144625,0.5313235653176788,6,7,0.05716211986227156,3,3,1,1,2
427,1288,0.19963491417473397,0.0,0.6815402914711415,0.6154734627017625,6,11,0.05011389521640091,5,5,1,4,1
428,2940,0.08858744245364034,0.25,0.6067519853867429,0.602451289179266,4,9,0.23589329021827002,3,3,1,2,1
429,3589,0.24603112965734772,0.0,0.7775347819042822,0.6094280701703529,5,6,0.13458178101612212,4,4,1,6,2
430,2323,0.3095137866687331,0.0,0.6955008107015247,0.5549566861806009,8,12,0.10772094528973777,7,7,1,3,4
431,864,0.20297414916240145,0.4,0.6526107929584578,0.47123751688065896,6,4,0.09416306941577071,4,4,1,1,3
432,271,0.19277104786800328,0.0,0.783682792345091,0.5021271771633599,3,6,0.2553992293216238,3,3,1,1,2
433,1096,0.5756989809608407,0.5,0.7031796035490561,0.5537594738921572,4,5,0.09717796995903505,3,3,1,3,0
434,1643,0.3107737588571574,0.25,0.6906171808485774,0.4223259917732731,7,10,0.09156222140647123,4,4,1,1,3
435,1292,0.5134510200619525,0.5454545454545454,0.7291839748149651,0.5251894970812025,9,11,0.07233807900541407,7,7,1,3,4
436,3297,0.5016658872880816,0.33333333333333337,0.6905582614664807,0.5855774983310242,4,9,0.12372629843363561,3,3,1,3,0
437,131,0.3910133147629987,0.2222222222222222,0.7370991300901317,0.5228548344567838,9,9,0.12331344406816105,9,9,1,1,8
438,3366,0.2166247048610266,0.0,0.6935824107681614,0.5014080823229157,6,11,0.17280170879316484,6,6,1,3,3
439,938,0.44162352219356976,0.2222222222222222,0.7411725819580652,0.5666668080368178,11,8,0.10033206247694011,8,8,1,1,7
440,229,0.34452929500611623,0.25,0.7549865027537723,0.5407725835874425,10,18,0.12298380902639099,9,9,1,2,7
441,3178,0.44153869232944915,0.6666666666666666,0.776496437073743,0.6586555671973355,14,16,0.06446616732258474,13,13,1,19,6
442,3147,0.2340080097294501,0.0,0.6881884687063021,0.4989837200937794,6,6,0.12355787123185709,6,6,1,1,5
443,3452,0.13596194548940801,0.33333333333333337,0.7536595180497166,0.5871242643835453,4,10,0.15827164951555636,3,3,1,2,1
444,1328,0.38436278122332274,0.0,0.6714019136116113,0.6345241352611483,3,4,0.1881052291801162,3,3,1,2,1
445,2804,0.2856536197102008,0.0,0.7826565339873766,0.6125859167971046,4,9,0.1340221990556203,4,4,1,2,2
446,899,0.2215708763050297,0.0,0.7254410953718722,0.5423076702629944,3,7,0.12162037464242871,3,3,1,1,2
447,2281,0.2466136709083583,0.4444444444444445,0.7477073616558648,0.5333693184829357,10,13,0.14109565662599197,8,8,1,9,1
448,2818,0.3706788550672185,0.0,0.7847967090407456,0.620595767120506,3,4,0.20316846051517717,3,3,1,2,1
449,2621,0.3284140129679285,0.0,0.7328175514054992,0.612241167508073,7,9,0.1379818905199616,7,7,1,2,5
450,1105,0.20712457260006406,0.4444444444444445,0.6974707981087547,0.5095423637946128,6,11,0.07433263915183642,4,4,1,1,3
451,1554,0.12737679018111578,0.14285714285714285,0.7209904878447249,0.5831185006512241,13,21,0.1253664712153518,7,7,1,14,7
452,1893,0.4342143455028971,0.30769230769230765,0.6752546492055242,0.538529180437988,8,10,0.10250914965874246,5,5,1,2,3
453,669,0.17123271827581885,0.0,0.8172009120881011,0.5231933425157441,3,6,0.4220050191520275,3,3,1,2,1
454,1002,0.6338296635038582,0.8,0.7620533352259657,0.581182605995447,5,7,0.05787128582351235,3,3,1,5,2
455,2986,0.3018388901809068,0.0,0.7396923388294715,0.46320527741875644,6,9,0.10250918878245015,6,6,1,2,4
456,2187,0.5171605100470733,0.30769230769230765,0.73674454564434,0.5942914287260014,8,8,0.09240045629854962,6,6,1,2,4
457,700,0.4194702905663242,0.0,0.70218864495664,0.7794484372471389,5,8,0.13482146311269294,5,5,1,8,3
458,2600,0.06068885780410437,0.0,0.7993316426945118,0.5464111011401275,8,6,0.2866206118708586,9,9,1,4,5
459,2495,0.3575218611453387,0.46153846153846156,0.7558955218465815,0.49637401556257127,16,11,0.12452107279693486,12,12,1,1,11
460,292,0.15153064901103913,0.0,0.7281639646575448,0.6520513941241061,9,15,0.074985835694051,7,7,1,14,7
461,2654,0.2807426538662332,0.0,0.7881911523237936,0.5739171292672754,12,15,0.15400947750630808,11,11,1,4,7
462,2799,0.12661029949436822,0.0,0.7401598831293992,0.6041017550134326,9,9,0.11678518881804806,9,9,1,4,5
463,2874,0.43515810870341914,0.0,0.7243118617640161,0.5288673564821152,8,8,0.11879189793123333,5,5,1,1,4
464,1093,0.42193340818838615,0.0,0.7567562344224884,0.7052545954215562,5,6,0.09903964955632932,4,4,1,6,2
465,2745,0.09933806048973168,0.28571428571428575,0.7387539503017999,0.5321486581791017,9,6,0.29572147651006714,9,9,1,4,5
466,858,0.23641139762829413,0.75,0.7275019879707648,0.5772523593888094,18,13,0.10540656819159616,16,16,1,9,7
467,1455,0.4913899581847719,0.0,0.7492275984648019,0.6150923831806173,6,6,0.0995850622406639,5,5,1,1,4
468,1516,0.571427296162011,0.6666666666666666,0.6283137084776171,0.6792753392750995,5,8,0.09041377849078307,3,3,1,6,3
469,666,0.04960122838944495,0.0,0.6296352909545223,0.6333108226114282,7,4,0.34915799272234915,7,7,1,7,0
470,1494,0.15719226656018165,0.0,0.6905869130266689,0.5164917998092186,5,12,0.08084103298044745,5,5,1,3,2
471,3416,0.2581726201229835,0.0,0.7599594073270364,0.4592972287704015,6,3,0.14993678887484196,6,6,1,2,4
472,2603,0.3625622712803918,0.5,0.6445211817802731,0.4114661991004558,5,8,0.0662729912875121,4,4,1,1,3
473,1857,0.48983888112896246,0.28571428571428575,0.6966013650646022,0.5545421262049602,6,11,0.14618038808295922,4,4,1,5,1
474,3715,0.21380247502421415,0.0,0.7447922514524583,0.58082988824373,3,12,0.10678506375227687,3,3,1,2,1
475,3708,0.38603165320986116,0.0,0.7920786425848895,0.5451205117631667,5,3,0.1694616639477977,4,4,1,2,2
476,413,0.142272017018567,0.0,0.6694825292374458,0.5723466215601892,6,6,0.1839028486531878,5,5,1,4,1
477,3549,0.37707572513934423,0.5714285714285715,0.7491411250451395,0.5658848714643282,7,8,0.15674338035139818,5,5,1,3,2
478,953,0.3257026529062821,0.15384615384615385,0.705663045198991,0.5965716261330788,6,12,0.1577767521592932,5,5,1,1,4
479,3503,0.6415952315118044,0.6,0.6709996886693,0.5498100155083631,6,6,0.10161090458488228,4,4,1,1,3
480,326,0.35146235093105427,0.0,0.7205769940740533,0.5713779493737365,6,11,0.10189254413819383,5,5,1,7,2
481,1185,0.21890624549696208,0.0,0.6954093039985406,0.6069782848739373,6,8,0.1930030361578802,7,7,1,2,5
482,3166,0.2801113266151933,0.0,0.7728376862836834,0.5918513324528185,5,7,0.2518063583815029,5,5,1,5,0
483,933,0.3046021506909306,0.5714285714285715,0.7497857415391195,0.575287057935195,7,4,0.14178033022254127,4,4,1,2,2
484,2708,0.22121699567298675,1.0,0.7815259768065987,0.33064186721097855,7,3,0.18816762530813474,7,7,1,1,6
485,187,0.20794841220219257,0.0,0.7282263307764419,0.6006079918330526,8,14,0.09415634795022189,5,5,1,3,2
486,284,0.18454123375195303,0.0,0.7223008893478444,0.6834457737873615,3,11,0.06678665374498131,3,3,1,5,2
487,2885,0.1930893261306601,0.25,0.7428934076980068,0.5165981805453543,7,9,0.17613850207000376,5,5,1,1,4
488,787,0.14542164670941998,0.0,0.7959137579011832,0.5040313900246046,6,8,0.17002017276159934,6,6,1,4,2
489,2364,0.22179914964603004,0.16666666666666666,0.7418177379122133,0.5946735712848891,8,9,0.10846851800934837,5,5,1,2,3
490,1481,0.22393261609345685,0.0,0.7209629098511439,0.5346985117421366,6,8,0.14440339282926576,6,6,1,2,4
491,3529,0.3967667558404082,0.0,0.7819323181510788,0.6170045343461092,3,8,0.11964022894521668,3,3,1,4,1
492,3626,0.10679222148959645,0.4,0.7851062890666846,0.6110019385497668,6,4,0.3220806062693765,6,6,1,3,3
493,2533,0.16886634533689004,0.0,0.6252263578664251,0.49450124882874374,3,7,0.29444298130102714,3,3,1,2,1
494,2574,0.39052570073661486,0.0,0.713883959662509,0.6152169455778854,6,15,0.08707039392805602,6,6,1,4,2
495,3397,0.45371091282943515,0.0,0.769536988790193,0.5641702976378439,9,11,0.0990418833835204,8,8,1,3,5
496,1200,0.20752296841316523,0.0,0.7442555885097897,0.48033653545481597,4,13,0.09293485056896336,4,4,1,2,2
497,2261,0.15335282853616586,0.0,0.7795170683850066,0.57344854584825,8,12,0.16330585079964238,8,8,1,4,4
498,322,0.2250200522644725,0.0,0.7566704793281576,0.4880502539145281,5,5,0.2139755230951441,6,6,1,2,4
499,1550,0.38537169048095316,0.2857142857142857,0.7636695191173488,0.5081859203003305,11,15,0.08876294078661699,9,9,1,2,7
500,511,0.21966782126638562,0.2222222222222222,0.7431893015515015,0.6006616690940582,7,8,0.15950023260450588,4,4,1,2,2
501,2196,0.21320023550245776,0.0,0.7776192373229015,0.4677873105664262,11,15,0.11381730258890134,10,10,1,4,6
502,1881,0.26181278420116766,0.6,0.658711621422387,0.4494272287103195,6,8,0.1899806998405639,6,6,1,4,2
503,2988,0.20636805896504548,0.0,0.7430123899932082,0.5773122103271927,4,10,0.15535526980303796,4,4,1,4,0
504,177,0.2539695206863124,0.0,0.758346526697947,0.5151388219239244,16,16,0.0945422010140173,16,16,1,2,14
505,3305,0.1694839158095179,0.6666666666666666,0.7359028836774643,0.5568532632545337,6,5,0.18502161247885734,4,4,1,1,3
506,1083,0.4769857641600101,0.0,0.7520436721330721,0.48155464464677605,4,4,0.1567427193470599,4,4,1,1,3
507,2472,0.2785437277484391,0.4444444444444444,0.6693184220662065,0.6095075088494964,12,18,0.08913316390581463,9,9,1,7,2
508,1408,0.34042079384067714,0.33333333333333337,0.7298848546776068,0.5338054297554766,11,14,0.12377863706290798,8,8,1,1,7
509,3471,0.2965294269161701,0.0,0.7816595065961378,0.6248570221373845,10,15,0.1097258850795173,10,10,1,2,8
510,1470,0.23149542953863325,0.6666666666666666,0.7267357304741898,0.4394153959350381,7,5,0.19033262988644356,5,5,1,2,3
511,396,0.2775438492413394,0.0,0.8219449649464697,0.4862932865288274,7,2,0.13171314741035856,7,7,1,1,6
512,1556,0.2683723666426962,0.0,0.6791974485239001,0.5137291928099356,7,10,0.1085952712100139,7,7,1,2,5
513,379,0.1419574723441608,0.0,0.6565754877279374,0.5280987645103761,3,13,0.06928645294725956,3,3,1,2,1
514,418,0.1703576350896692,0.0,0.7963169933056156,0.5514266334862423,8,15,0.07946146323713356,8,8,1,3,5
515,1378,0.6511420081114246,0.0,0.7815188454622851,0.6172798169483227,5,6,0.13520241593209273,5,5,1,1,4
516,3127,0.2755741067982693,0.18181818181818182,0.7596296754023579,0.5492417955602822,15,14,0.09775903130469714,13,13,1,1,12
517,881,0.24948935236525532,0.36363636363636365,0.6317504773327968,0.5474053301933343,5,15,0.09943845949919264,3,3,1,3,0
518,636,0.3424674466015638,0.0,0.6846530744269517,0.6216694996808967,8,14,0.19051106345137836,8,8,1,4,4
519,1138,0.26730441485695455,0.0,0.7294972607979615,0.5880001725492303,7,10,0.1485662570258169,7,7,1,3,4
520,1393,0.22883494531532006,0.18181818181818182,0.6676964441659029,0.582338907062293,6,20,0.08700346394349723,5,5,1,2,3
521,1731,0.19976959257983137,0.0,0.6043848310906699,0.6009165870390879,4,15,0.08487018800358102,4,4,1,23,19
522,2859,0.2739276189621379,0.380952380952381,0.7237252753173979,0.5223828173166823,16,21,0.14462088460259395,14,14,1,4,10
523,653,0.3095693654806341,0.0,0.7560644086337055,0.5741328648027418,5,7,0.11588918910120773,5,5,1,3,2
524,3300,0.2577004227043298,0.3636363636363636,0.672943843088966,0.5719074159160635,8,27,0.06289047140547861,6,6,1,1,5
525,3108,0.11512577984199289,0.0,0.6702048872599811,0.4887940386697724,8,9,0.12053372868791698,5,5,1,2,3
526,26,0.3824555291594067,0.5,0.7472847290621244,0.5413579966574948,14,17,0.09101344284876157,12,12,1,8,4
527,3560,0.3712062848091837,0.0,0.724715124466033,0.4979475798636255,8,10,0.15746253336070623,8,8,1,1,7
528,3315,0.3162701555292263,0.15384615384615385,0.7534881369649179,0.4793762314007304,17,17,0.09496069340858698,15,15,1,1,14
529,1139,0.12352066092526703,0.0,0.5922756862897436,0.6663732939903111,3,5,0.31348536036036034,3,3,1,6,3
530,2413,0.29318835714848107,0.6,0.7142457052944757,0.5164563800208094,12,13,0.11182612121610086,10,10,1,1,9
531,1839,0.3194415247750048,0.0,0.7308761271404189,0.4832641490270269,10,13,0.08403158056783444,10,10,1,5,5
532,902,0.18712456804416214,0.0,0.7698047784981222,0.5807161904829148,5,10,0.12174208075013108,5,5,1,4,1
533,1718,0.593540406302778,0.2222222222222222,0.7247921910966824,0.562829729086013,8,9,0.09680141554375936,7,7,1,3,4
534,2232,0.22533402157486007,0.0,0.8000762599663996,0.523840654940801,6,22,0.06851157662624036,6,6,1,1,5
535,2872,0.36749287251525903,0.3636363636363636,0.749655390962211,0.5611921147484168,13,14,0.07287050713934022,9,9,1,4,5
536,2661,0.14702864431626828,0.14285714285714288,0.7170956715737152,0.4928162090043128,14,20,0.0961663105840555,12,12,1,1,11
537,2932,0.21082572541433478,0.0,0.7473260279371797,0.6017041793299025,7,5,0.1753889674681754,7,7,1,2,5
538,814,0.16566850460281327,0.8,0.5954273103581222,0.611618427169187,7,7,0.14404867710398578,5,5,1,7,2
539,2298,0.24689918502600852,0.4,0.7295456091677582,0.37502210930051544,7,7,0.2091004011650272,6,6,1,2,4
540,108,0.30229139247756837,0.0,0.7389365564929128,0.5033969424869137,14,11,0.12395578167200552,14,14,1,4,10
541,2465,0.143518105475351,0.3076923076923077,0.6419305826933225,0.4956823739679007,16,21,0.12495849106727767,15,15,1,7,8
542,2069,0.24509908983847112,0.30769230769230765,0.7590812618704401,0.5088073640721553,14,14,0.12828386216308427,11,11,1,9,2
543,952,0.3198873992414701,0.0,0.7171526818569639,0.6251877690787758,5,4,0.2739124372559955,5,5,1,3,2
544,895,0.4746822944087545,0.3333333333333333,0.7605813986293436,0.5802136585142961,9,12,0.0822751737471913,7,7,1,7,0
545,383,0.3876106680522366,0.42857142857142855,0.7611897558083669,0.4985318744144712,12,14,0.1120330798690126,10,10,1,1,9
546,122,0.1586366188558281,0.0,0.7345000266288089,0.5021646949354125,5,8,0.19260519801980197,4,4,1,1,3
547,130,0.25055361515597446,0.0,0.6472373743983603,0.571363251628201,6,11,0.060627635686510764,5,5,1,5,0
548,1728,0.3169068121928858,0.0,0.6061024021739342,0.5794394817476528,3,6,0.18378986575618841,3,3,1,3,0
549,2418,0.2676498174269874,0.4,0.7610684586792097,0.600019276769147,5,10,0.10219333479393364,4,4,1,4,0
550,356,0.3242858177776376,0.0,0.7080342104485267,0.5608627016315616,4,8,0.07492468838957521,4,4,1,3,1
551,2233,0.13502178620395408,0.25000000000000006,0.7113760281631911,0.4988828850196765,13,11,0.13259873142275105,11,11,1,1,10
552,3654,0.29982122761184365,0.5,0.6518978716974421,0.5302852331226144,6,13,0.0721808095692121,4,4,1,4,0
553,3033,0.2875765167566751,0.0,0.7745018257711459,0.5201441759962988,3,5,0.11215466046991995,3,3,1,2,1
554,2771,0.3381462030894137,0.0,0.7765921957260635,0.5184299574342202,7,12,0.1503294763060819,6,6,1,3,3
555,419,0.4514888333870322,0.5714285714285715,0.7520759051141402,0.48516558223632594,5,8,0.107789374373489,3,3,1,2,1
556,3016,0.341694277668185,0.4,0.6867679228385868,0.5322070865585945,11,18,0.12258274199664157,8,8,1,3,5
557,571,0.06498463316502312,0.0,0.751253712692411,0.6024438157695691,5,7,0.18359271959905038,4,4,1,2,2
558,914,0.2273645141566256,0.0,0.7444683902595329,0.5431303755094657,5,6,0.11163601775523145,4,4,1,2,2
559,1003,0.2798426317505128,0.4444444444444445,0.7651808150724514,0.5790425079441636,5,13,0.08626406621237044,3,3,1,1,2
560,1126,0.16858856390501348,0.0,0.7710652658425667,0.509739493127938,7,5,0.15606230275883132,7,7,1,1,6
561,3037,0.13631318212316973,0.33333333333333337,0.7675010014793769,0.538677870740587,4,10,0.07929191389202177,3,3,1,6,3
562,102,0.09014830428146202,0.0,0.5461450027734512,0.5100465693746312,5,7,0.18224223902203635,5,5,1,1,4
563,456,0.2663856688299387,0.0,0.7051417114930698,0.5580287909331518,4,5,0.16480609728760368,3,3,1,1,2
564,2619,0.35625173045317304,0.33333333333333337,0.7493040906741816,0.5942857368052173,7,9,0.07965638422491214,6,6,1,6,0
